{"cameraMode":{"drawMode":0,"name":"Shaded","section":"Shading Mode"},"sceneLighting":false,"audioPlay":false,"sceneViewState":{"showFog":true,"showMaterialUpdate":true,"showSkybox":true,"showFlares":true,"showImageEffects":true,"showParticleSystems":true},"in2DMode":false,"pivot":{"x":-0.3274156451225281,"y":1.0867172479629517,"z":-7.4592671394348148},"rotation":{"x":0.0024046916514635088,"y":-0.995498776435852,"z":-0.09103180468082428,"w":-0.026280110701918603},"size":4.041658401489258,"orthographic":false}