{"cameraMode":{"drawMode":0,"name":"Shaded","section":"Shading Mode"},"sceneLighting":true,"audioPlay":false,"sceneViewState":{"showFog":true,"showMaterialUpdate":true,"showSkybox":true,"showFlares":true,"showImageEffects":true,"showParticleSystems":true},"in2DMode":false,"pivot":{"x":1.6474380493164063,"y":5.527174949645996,"z":-27.40159034729004},"rotation":{"x":-0.005987351760268211,"y":0.9342786073684692,"z":-0.015706317499279977,"w":-0.3561514616012573},"size":37.26748275756836,"orthographic":false}