{"cameraMode":{"drawMode":0,"name":"Shaded","section":"Shading Mode"},"sceneLighting":true,"audioPlay":false,"sceneViewState":{"showFog":true,"showMaterialUpdate":true,"showSkybox":true,"showFlares":true,"showImageEffects":true,"showParticleSystems":true},"in2DMode":false,"pivot":{"x":84.7876968383789,"y":29.325267791748048,"z":-92.24520111083985},"rotation":{"x":0.0037990619894117119,"y":0.4219484031200409,"z":0.0017682148609310389,"w":-0.9066116809844971},"size":28.208820343017579,"orthographic":false}