{"cameraMode":{"drawMode":0,"name":"Shaded","section":"Shading Mode"},"sceneLighting":true,"audioPlay":false,"sceneViewState":{"showFog":true,"showMaterialUpdate":true,"showSkybox":true,"showFlares":true,"showImageEffects":true,"showParticleSystems":true},"in2DMode":false,"pivot":{"x":38.39197540283203,"y":41.16261672973633,"z":48.878883361816409},"rotation":{"x":-0.14171680808067323,"y":0.8301228880882263,"z":-0.24483810365200044,"w":-0.48049068450927737},"size":22.0,"orthographic":false}