{"cameraMode":{"drawMode":0,"name":"Shaded","section":"Shading Mode"},"sceneLighting":true,"audioPlay":false,"sceneViewState":{"showFog":true,"showMaterialUpdate":true,"showSkybox":true,"showFlares":true,"showImageEffects":true,"showParticleSystems":true},"in2DMode":false,"pivot":{"x":52.31094741821289,"y":28.069786071777345,"z":-43.670310974121097},"rotation":{"x":0.16252443194389344,"y":-0.32172465324401858,"z":0.056154269725084308,"w":0.9310936331748962},"size":29.879573822021486,"orthographic":false}