{"cameraMode":{"drawMode":0,"name":"Shaded","section":"Shading Mode"},"sceneLighting":false,"audioPlay":false,"sceneViewState":{"showFog":true,"showMaterialUpdate":true,"showSkybox":true,"showFlares":true,"showImageEffects":true,"showParticleSystems":true},"in2DMode":false,"pivot":{"x":-0.2424643188714981,"y":-1.6867634057998658,"z":11.113285064697266},"rotation":{"x":-0.07822425663471222,"y":0.014055165462195874,"z":-0.0011016300413757563,"w":-0.9968612790107727},"size":13.224661827087403,"orthographic":false}