{"cameraMode":{"drawMode":0,"name":"Shaded","section":"Shading Mode"},"sceneLighting":true,"audioPlay":false,"sceneViewState":{"showFog":true,"showMaterialUpdate":true,"showSkybox":true,"showFlares":true,"showImageEffects":true,"showParticleSystems":true},"in2DMode":false,"pivot":{"x":2.231229782104492,"y":3.518664836883545,"z":-27.750938415527345},"rotation":{"x":-0.015231108292937279,"y":0.936678946018219,"z":-0.04106181487441063,"w":-0.3474441468715668},"size":37.26748275756836,"orthographic":false}